id;nombre;telefono;email;activo;notas
1;premium nor;waver woeful;Isabel.AlanizArenas@yahoo.com;false;deeply down testing
2;microchip;victorious minus;Victor_VillasenorPartida@hotmail.com;false;mob
3;inside tarry elderly;noisily;Carla47@yahoo.com;false;nervously at
4;highly yuck knottily;ugh frenetically;Octavio.VelascoMontero38@gmail.com;true;scornful
5;whoever impossible;accept access;Gilberto47@hotmail.com;true;with
6;of;nougat;Tomas_AcunaBarajas@gmail.com;true;handful probe
7;upon besides;oh;MariaLuisa.BecerraEchevarria@gmail.com;true;fantastic anti adviser
8;boo sleepily;circular till includ;Elisa_NavarretePerales@yahoo.com;true;lest
9;come sup likewise;ick physically;Francisco24@hotmail.com;true;aw yum gee
10;likewise emergent quash;inspection;Hermenegildo_PartidaMontanez95@gmail.com;false;passionate so quicker
11;pantyhose whenever;alongside outfox;Ivan.MurilloCasanova@yahoo.com;false;comparison
12;torn caption pure;truly industrialize;Mario_ArriagaSevilla24@hotmail.com;false;generally
13;border;fork suspiciously be;Rodrigo_IrizarryMayorga@hotmail.com;false;dull furthermore swear
14;bah jeopardise;pish;Dorotea_RendonRoybal@hotmail.com;true;greatly colligate
15;filter remarkable scoff;rise feline fun;Dolores58@gmail.com;true;evenly um
16;coaxingly;underplay;Julio_RoblesValverde11@yahoo.com;false;cute inasmuch
17;peaceful lovingly victorious;ouch;Miguel13@hotmail.com;true;atop yippee
18;what;huzzah gadzooks;Armando.ValdesPedroza@yahoo.com;true;wherever how drat
19;for;wide runway;Martin.GironSantana41@hotmail.com;true;surprised ugh lively
20;never oof because;gee how;Cristian.GuerraVergara@gmail.com;false;adventurously
21;heavily schematise;alongside because vi;Carmen88@hotmail.com;false;amongst
22;woot afterwards;almost;Raquel61@hotmail.com;false;helpfully
23;if;aw inwardly;Victoria2@hotmail.com;true;underneath yippee upon
24;lest;psst vol on;Gabriela56@gmail.com;false;another even
25;tense;left;Teodoro34@gmail.com;false;petty um
26;electrify;yuck mmm tensely;Angela32@yahoo.com;false;linear hourly fortunate
27;for beyond story;apropos brr;Ivan_MontanoSaldivar16@yahoo.com;false;catalyze glittering
28;athwart;ugh;Beatriz26@yahoo.com;true;topsail rotten however
29;blond for wherever;tomography when;Diego76@yahoo.com;true;hepatitis where instance
30;technologist;pfft;Ramona43@yahoo.com;true;fatally since
